{
  "aerial-rotate.html": {
    "path": "testapp/aerial-rotate.html",
    "title": null
  },
  "aerial-simple.html": {
    "path": "testapp/aerial-simple.html",
    "title": null
  },
  "all-examples.html": {
    "path": "testapp/all-examples.html",
    "title": null
  },
  "circle-simple.html": {
    "path": "testapp/circle-simple.html",
    "title": null
  },
  "control-custom-state.html": {
    "path": "testapp/control-custom-state.html",
    "title": null
  },
  "control-custom.html": {
    "path": "testapp/control-custom.html",
    "title": null
  },
  "control-disableUI.html": {
    "path": "testapp/control-disableUI.html",
    "title": null
  },
  "control-options.html": {
    "path": "testapp/control-options.html",
    "title": null
  },
  "control-positioning.html": {
    "path": "testapp/control-positioning.html",
    "title": null
  },
  "control-simple.html": {
    "path": "testapp/control-simple.html",
    "title": null
  },
  "custom-control.html": {
    "path": "testapp/custom-control.html",
    "title": null
  },
  "custom-marker-2.html": {
    "path": "testapp/custom-marker-2.html",
    "title": null
  },
  "custom-marker-clusterer.html": {
    "path": "testapp/custom-marker-clusterer.html",
    "title": "Dynamic ngMap demo"
  },
  "custom-marker-custom-style.html": {
    "path": "testapp/custom-marker-custom-style.html",
    "title": null
  },
  "custom-marker-ng-repeat.html": {
    "path": "testapp/custom-marker-ng-repeat.html",
    "title": null
  },
  "custom-marker-two-way-binding.html": {
    "path": "testapp/custom-marker-two-way-binding.html",
    "title": null
  },
  "custom-marker.html": {
    "path": "testapp/custom-marker.html",
    "title": null
  },
  "directions-with-current-location.html": {
    "path": "testapp/directions-with-current-location.html",
    "title": "Travel modes in directions"
  },
  "directions-with-custom-marker.html": {
    "path": "testapp/directions-with-custom-marker.html",
    "title": "Travel modes in directions"
  },
  "directions-with-ng-repeat-panels.html": {
    "path": "testapp/directions-with-ng-repeat-panels.html",
    "title": "Travel modes in directions"
  },
  "directions.html": {
    "path": "testapp/directions.html",
    "title": "Travel modes in directions"
  },
  "directions2.html": {
    "path": "testapp/directions2.html",
    "title": "Travel modes in directions"
  },
  "drawing-manager.html": {
    "path": "testapp/drawing-manager.html",
    "title": null
  },
  "event-arguments.html": {
    "path": "testapp/event-arguments.html",
    "title": null
  },
  "event-domlistener.html": {
    "path": "testapp/event-domlistener.html",
    "title": null
  },
  "event-properties.html": {
    "path": "testapp/event-properties.html",
    "title": null
  },
  "event-simple.html": {
    "path": "testapp/event-simple.html",
    "title": null
  },
  "events.html": {
    "path": "testapp/events.html",
    "title": null
  },
  "geojson.html": {
    "path": "testapp/geojson.html",
    "title": null
  },
  "groundoverlay-simple.html": {
    "path": "testapp/groundoverlay-simple.html",
    "title": null
  },
  "icon-complex.html": {
    "path": "testapp/icon-complex.html",
    "title": null
  },
  "icon-simple.html": {
    "path": "testapp/icon-simple.html",
    "title": null
  },
  "infowindow-simple-max.html": {
    "path": "testapp/infowindow-simple-max.html",
    "title": null
  },
  "infowindow-simple.html": {
    "path": "testapp/infowindow-simple.html",
    "title": null
  },
  "infowindow-template.html": {
    "path": "testapp/infowindow-template.html",
    "title": null
  },
  "infowindow_compile.html": {
    "path": "testapp/infowindow_compile.html",
    "title": null
  },
  "infowindow_geolookup.html": {
    "path": "testapp/infowindow_geolookup.html",
    "title": null
  },
  "infowindow_ng_click.html": {
    "path": "testapp/infowindow_ng_click.html",
    "title": null
  },
  "layer-bicycling.html": {
    "path": "testapp/layer-bicycling.html",
    "title": null
  },
  "layer-data-dynamic.html": {
    "path": "testapp/layer-data-dynamic.html",
    "title": null
  },
  "layer-data-quakes-advanced.html": {
    "path": "testapp/layer-data-quakes-advanced.html",
    "title": null
  },
  "layer-data-quakes-default.html": {
    "path": "testapp/layer-data-quakes-default.html",
    "title": null
  },
  "layer-data-quakes-simple.html": {
    "path": "testapp/layer-data-quakes-simple.html",
    "title": null
  },
  "layer-data-simple.html": {
    "path": "testapp/layer-data-simple.html",
    "title": null
  },
  "layer-data-style.html": {
    "path": "testapp/layer-data-style.html",
    "title": null
  },
  "layer-dynamicmapsengine.html": {
    "path": "testapp/layer-dynamicmapsengine.html",
    "title": null
  },
  "layer-fusiontables-heatmap.html": {
    "path": "testapp/layer-fusiontables-heatmap.html",
    "title": null
  },
  "layer-fusiontables-query.html": {
    "path": "testapp/layer-fusiontables-query.html",
    "title": null
  },
  "layer-fusiontables-simple.html": {
    "path": "testapp/layer-fusiontables-simple.html",
    "title": null
  },
  "layer-fusiontables-styling.html": {
    "path": "testapp/layer-fusiontables-styling.html",
    "title": null
  },
  "layer-georss.html": {
    "path": "testapp/layer-georss.html",
    "title": null
  },
  "layer-heatmap.html": {
    "path": "testapp/layer-heatmap.html",
    "title": null
  },
  "layer-kml-features.html": {
    "path": "testapp/layer-kml-features.html",
    "title": null
  },
  "layer-kml.html": {
    "path": "testapp/layer-kml.html",
    "title": null
  },
  "layer-mapsengine.html": {
    "path": "testapp/layer-mapsengine.html",
    "title": null
  },
  "layer-style-event.html": {
    "path": "testapp/layer-style-event.html",
    "title": null
  },
  "layer-traffic.html": {
    "path": "testapp/layer-traffic.html",
    "title": null
  },
  "layer-transit.html": {
    "path": "testapp/layer-transit.html",
    "title": null
  },
  "map-coordinates.html": {
    "path": "testapp/map-coordinates.html",
    "title": null
  },
  "map-geolocation.html": {
    "path": "testapp/map-geolocation.html",
    "title": null
  },
  "map-gulp-usemin.html": {
    "path": "testapp/map-gulp-usemin.html",
    "title": "Simle Map",
    "description": "Simple Map",
    "keywords": "ng-map,AngularJS,center"
  },
  "map-initialized-callback.html": {
    "path": "testapp/map-initialized-callback.html",
    "title": "Map Initialized Callback"
  },
  "map-initialized.html": {
    "path": "testapp/map-initialized.html",
    "title": "Simle Map",
    "description": "Simple Map",
    "keywords": "ng-map,AngularJS,center"
  },
  "map-lazy-inint.html": {
    "path": "testapp/map-lazy-inint.html",
    "title": null
  },
  "map-lazy-load-params.html": {
    "path": "testapp/map-lazy-load-params.html",
    "title": null
  },
  "map-projection-simple.html": {
    "path": "testapp/map-projection-simple.html",
    "title": null
  },
  "map-simple.html": {
    "path": "testapp/map-simple.html",
    "title": "Simle Map",
    "description": "Simple Map",
    "keywords": "ng-map,AngularJS,center"
  },
  "map-with-dynamic-id.html": {
    "path": "testapp/map-with-dynamic-id.html",
    "title": "Simle Map",
    "description": "Simple Map",
    "keywords": "ng-map,AngularJS,center"
  },
  "map_app.html": {
    "path": "testapp/map_app.html",
    "title": "GoogleMap-Based App"
  },
  "map_control.html": {
    "path": "testapp/map_control.html",
    "title": null
  },
  "map_events.html": {
    "path": "testapp/map_events.html",
    "title": "\n      Google Maps V3 API Events for google.maps.Map Demo\n    "
  },
  "map_fit_bounds.html": {
    "path": "testapp/map_fit_bounds.html",
    "title": null
  },
  "map_geo_fallback_center.html": {
    "path": "testapp/map_geo_fallback_center.html",
    "title": null
  },
  "map_no_default_style.html": {
    "path": "testapp/map_no_default_style.html",
    "title": null
  },
  "map_options.html": {
    "path": "testapp/map_options.html",
    "title": null
  },
  "map_with_address.html": {
    "path": "testapp/map_with_address.html",
    "title": null
  },
  "map_with_current_position.html": {
    "path": "testapp/map_with_current_position.html",
    "title": null
  },
  "map_with_dynamic_address.html": {
    "path": "testapp/map_with_dynamic_address.html",
    "title": null
  },
  "map_with_dynamic_center.html": {
    "path": "testapp/map_with_dynamic_center.html",
    "title": null
  },
  "map_zoom_to_include_markers.html": {
    "path": "testapp/map_zoom_to_include_markers.html",
    "title": null
  },
  "mapsenginelayer-noauth-layerid.html": {
    "path": "testapp/mapsenginelayer-noauth-layerid.html",
    "title": null
  },
  "mapsenginelayer-noauth-layerkey.html": {
    "path": "testapp/mapsenginelayer-noauth-layerkey.html",
    "title": null
  },
  "maptype-base.html": {
    "path": "testapp/maptype-base.html",
    "title": null
  },
  "maptype-image-overlay.html": {
    "path": "testapp/maptype-image-overlay.html",
    "title": null
  },
  "maptype-image.html": {
    "path": "testapp/maptype-image.html",
    "title": null
  },
  "maptype-overlay.html": {
    "path": "testapp/maptype-overlay.html",
    "title": null
  },
  "maptype-styled-complex.html": {
    "path": "testapp/maptype-styled-complex.html",
    "title": null
  },
  "maptype-styled-simple.html": {
    "path": "testapp/maptype-styled-simple.html",
    "title": null
  },
  "marker-animations-iteration.html": {
    "path": "testapp/marker-animations-iteration.html",
    "title": null
  },
  "marker-animations.html": {
    "path": "testapp/marker-animations.html",
    "title": null
  },
  "marker-clusterer.html": {
    "path": "testapp/marker-clusterer.html",
    "title": "Dynamic ngMap demo"
  },
  "marker-remove.html": {
    "path": "testapp/marker-remove.html",
    "title": null
  },
  "marker-simple.html": {
    "path": "testapp/marker-simple.html",
    "title": null
  },
  "marker-symbol-custom.html": {
    "path": "testapp/marker-symbol-custom.html",
    "title": null
  },
  "marker-symbol-predefined.html": {
    "path": "testapp/marker-symbol-predefined.html",
    "title": null
  },
  "marker-with-default-options.html": {
    "path": "testapp/marker-with-default-options.html",
    "title": null
  },
  "marker.html": {
    "path": "testapp/marker.html",
    "title": null
  },
  "marker_data_with_ng_repeat.html": {
    "path": "testapp/marker_data_with_ng_repeat.html",
    "title": null
  },
  "marker_dynamic_ng_repeat.html": {
    "path": "testapp/marker_dynamic_ng_repeat.html",
    "title": "Dynamic ngMap demo"
  },
  "marker_icon.html": {
    "path": "testapp/marker_icon.html",
    "title": null
  },
  "marker_on_street_view.html": {
    "path": "testapp/marker_on_street_view.html",
    "title": null
  },
  "marker_with_address.html": {
    "path": "testapp/marker_with_address.html",
    "title": null
  },
  "marker_with_current_position.html": {
    "path": "testapp/marker_with_current_position.html",
    "title": null
  },
  "marker_with_dynamic_address.html": {
    "path": "testapp/marker_with_dynamic_address.html",
    "title": null
  },
  "marker_with_ng_repeat_dynamic.html": {
    "path": "testapp/marker_with_ng_repeat_dynamic.html",
    "title": "Dynamic ngMap demo"
  },
  "marker_with_ng_repeat_no_watcher.html": {
    "path": "testapp/marker_with_ng_repeat_no_watcher.html",
    "title": null
  },
  "marker_with_parent_controller.html": {
    "path": "testapp/marker_with_parent_controller.html",
    "title": "Markers with parent controller(scope)"
  },
  "multiple_maps_on_a_page.html": {
    "path": "testapp/multiple_maps_on_a_page.html",
    "title": null
  },
  "overlay-custom.html": {
    "path": "testapp/overlay-custom.html",
    "title": null
  },
  "overlay-hideshow.html": {
    "path": "testapp/overlay-hideshow.html",
    "title": null
  },
  "overlay-remove.html": {
    "path": "testapp/overlay-remove.html",
    "title": null
  },
  "overlay-simple.html": {
    "path": "testapp/overlay-simple.html",
    "title": null
  },
  "overlay-symbol-animate.html": {
    "path": "testapp/overlay-symbol-animate.html",
    "title": null
  },
  "overlay-symbol-arrow.html": {
    "path": "testapp/overlay-symbol-arrow.html",
    "title": null
  },
  "overlay-symbol-custom.html": {
    "path": "testapp/overlay-symbol-custom.html",
    "title": null
  },
  "overlay-symbol-dashed.html": {
    "path": "testapp/overlay-symbol-dashed.html",
    "title": null
  },
  "places-auto-complete-strictbounds-circle.html": {
    "path": "testapp/places-auto-complete-strictbounds-circle.html",
    "title": "Place Autocomplete Address Form"
  },
  "places-auto-complete-strictbounds-rect.html": {
    "path": "testapp/places-auto-complete-strictbounds-rect.html",
    "title": "Place Autocomplete Address Form"
  },
  "places-auto-complete-strictbounds.html": {
    "path": "testapp/places-auto-complete-strictbounds.html",
    "title": "Place Autocomplete Address Form"
  },
  "places-auto-complete.html": {
    "path": "testapp/places-auto-complete.html",
    "title": "Place Autocomplete Address Form"
  },
  "polygon-arrays.html": {
    "path": "testapp/polygon-arrays.html",
    "title": null
  },
  "polygon-autoclose.html": {
    "path": "testapp/polygon-autoclose.html",
    "title": null
  },
  "polygon-draggable.html": {
    "path": "testapp/polygon-draggable.html",
    "title": null
  },
  "polygon-simple.html": {
    "path": "testapp/polygon-simple.html",
    "title": null
  },
  "polyline-complex.html": {
    "path": "testapp/polyline-complex.html",
    "title": null
  },
  "polyline-remove.html": {
    "path": "testapp/polyline-remove.html",
    "title": null
  },
  "polyline-simple.html": {
    "path": "testapp/polyline-simple.html",
    "title": null
  },
  "rectangle-event.html": {
    "path": "testapp/rectangle-event.html",
    "title": null
  },
  "rectangle-simple.html": {
    "path": "testapp/rectangle-simple.html",
    "title": null
  },
  "rectangle-zoom.html": {
    "path": "testapp/rectangle-zoom.html",
    "title": null
  },
  "shape.html": {
    "path": "testapp/shape.html",
    "title": null
  },
  "shape_circle_with_current_position.html": {
    "path": "testapp/shape_circle_with_current_position.html",
    "title": null
  },
  "shape_circle_with_dynamic_address.html": {
    "path": "testapp/shape_circle_with_dynamic_address.html",
    "title": null
  },
  "shape_with_ng_repeat.html": {
    "path": "testapp/shape_with_ng_repeat.html",
    "title": null
  },
  "street-view-panorama.html": {
    "path": "testapp/street-view-panorama.html",
    "title": null
  },
  "street-view-panorama_container.html": {
    "path": "testapp/street-view-panorama_container.html",
    "title": null
  },
  "street-view-panorama_container2.html": {
    "path": "testapp/street-view-panorama_container2.html",
    "title": null
  },
  "street-view_road_trip.html": {
    "path": "testapp/street-view_road_trip.html",
    "title": null
  },
  "ui-bootstrap.html": {
    "path": "testapp/ui-bootstrap.html",
    "title": "AngularJS: UI-Router Quick Start"
  },
  "ui-router.html": {
    "path": "testapp/ui-router.html",
    "title": "AngularJS: UI-Router Quick Start"
  },
  "ui-router2.html": {
    "path": "testapp/ui-router2.html",
    "title": "AngularJS: UI-Router Quick Start"
  },
  "user-editable-shapes.html": {
    "path": "testapp/user-editable-shapes.html",
    "title": null
  }
}